fold,0,1,2,3,4,5,6,7,8,9,10,11,12,13,14,15,16,17,18,19,20,21,22,23,24,25,26,27,28,29,30,31,32,33,34,35,36,37,38,39,40,41,42,43,44,45,46,47,48,49,50,51,52,53,54,55,56,57,58,59,60,61,62,63,64,65,66,67,68,69,70,71,72,73,74,75,76,77,78,79,80,81,82,83,84,85,86,87,88,89,90,91,92,93,94,95,96,97,98,99,100,101,102,103,104,105,106,107,108,109,110,111,112,113,114,115,116,117,118,119,120,121,122,123,124,125,126,127,128,129,130,131,132,133,134,135,136,137,138,139
A1,3.720075976020678e-44,3.720075976020678e-44,3.720075976020678e-44,3.720075976020678e-44,6.150236176563242e-37,3.720075976020678e-44,3.720075976020678e-44,3.720075976020678e-44,1.431433492364829e-06,3.720075976020678e-44,3.720075976020678e-44,3.720075976020678e-44,3.720075976020678e-44,3.720075976020678e-44,3.720075976020678e-44,3.720075976020678e-44,3.720075976020678e-44,3.720075976020678e-44,0.0060904445280482,0.0021165434830177,3.720075976020678e-44,3.720075976020678e-44,3.720075976020678e-44,3.720075976020678e-44,3.720075976020678e-44,3.720075976020678e-44,3.720075976020678e-44,8.836004657727102e-18,0.2254409111273151,0.0174612934357633,0.2622058772711506,3.720075976020678e-44,3.720075976020678e-44,3.720075976020678e-44,0.0005081976367329,3.720075976020678e-44,3.720075976020678e-44,3.720075976020678e-44,3.720075976020678e-44,3.720075976020678e-44,3.720075976020678e-44,3.720075976020678e-44,3.720075976020678e-44,3.720075976020678e-44,3.720075976020678e-44,3.720075976020678e-44,1.2164082119242196e-27,3.720075976020678e-44,0.501110771094388,3.720075976020678e-44,3.720075976020678e-44,3.720075976020678e-44,3.720075976020678e-44,3.720075976020678e-44,0.0133249851048079,7.816140429351095e-33,1.1018294210014877e-43,0.1095487508912215,3.720075976020678e-44,3.720075976020678e-44,3.720075976020678e-44,0.0178678588991404,0.0967937182893552,3.720075976020678e-44,3.720075976020678e-44,3.720075976020678e-44,3.720075976020678e-44,3.720075976020678e-44,0.0258091929168561,3.720075976020678e-44,3.720075976020678e-44,3.720075976020678e-44,0.0111948542363871,3.720075976020678e-44,3.720075976020678e-44,0.302548504488048,1.1026230396050763e-38,3.1769678997882407e-41,3.720075976020678e-44,4.2722423287392595e-36,3.720075976020678e-44,3.720075976020678e-44,0.3325122359997353,3.720075976020678e-44,3.720075976020678e-44,3.720075976020678e-44,3.720075976020678e-44,3.720075976020678e-44,0.3184260703761732,3.720075976020678e-44,3.720075976020678e-44,0.1851353416330002,3.720075976020678e-44,3.720075976020678e-44,3.720075976020678e-44,0.0999325771847128,0.1335134849107465,0.0005005161671279,3.720075976020678e-44,3.720075976020678e-44,3.720075976020678e-44,3.720075976020678e-44,3.720075976020678e-44,0.0473736148342904,0.2316345203314526,3.720075976020678e-44,2.1576694185392778e-13,3.720075976020678e-44,3.720075976020678e-44,3.720075976020678e-44,3.720075976020678e-44,3.720075976020678e-44,3.720075976020678e-44,3.720075976020678e-44,3.720075976020678e-44,3.720075976020678e-44,1.312022252731095e-19,1.4742053893107383e-33,0.6638291477692999,0.5131516949962267,0.6100081647495476,5.7533366319186376e-27,7.971911822175029e-33,3.720075976020678e-44,4.976869338766081e-38,0.0479304049021702,3.8919368069444917e-32,0.2840771025220907,0.6443306771773287,1.4679185487041372e-18,0.4431635424510068,0.0991850104399716,3.720075976020678e-44,0.0162859945517085,3.720075976020678e-44,0.0012806701431489,6.131434183503818e-42,0.7303734052405599,3.720075976020678e-44,4.124593956232525e-07
A2,3.720075976020678e-44,3.720075976020678e-44,3.720075976020678e-44,3.720075976020678e-44,3.720075976020678e-44,3.720075976020678e-44,3.720075976020678e-44,3.720075976020678e-44,3.720075976020678e-44,3.720075976020678e-44,3.720075976020678e-44,3.720075976020678e-44,3.720075976020678e-44,3.720075976020678e-44,3.720075976020678e-44,3.720075976020678e-44,3.720075976020678e-44,3.720075976020678e-44,3.720075976020678e-44,3.720075976020678e-44,3.720075976020678e-44,3.720075976020678e-44,3.720075976020678e-44,3.720075976020678e-44,3.720075976020678e-44,0.0055397966219775,3.720075976020678e-44,0.0191107223070528,3.720075976020678e-44,3.720075976020678e-44,3.720075976020678e-44,0.0039395680081981,3.720075976020678e-44,0.0016565184735625,3.720075976020678e-44,3.720075976020678e-44,3.720075976020678e-44,3.720075976020678e-44,3.720075976020678e-44,3.720075976020678e-44,3.720075976020678e-44,3.720075976020678e-44,3.720075976020678e-44,3.720075976020678e-44,3.720075976020678e-44,3.720075976020678e-44,3.720075976020678e-44,3.720075976020678e-44,0.3823326186064203,3.720075976020678e-44,3.720075976020678e-44,3.720075976020678e-44,3.720075976020678e-44,3.720075976020678e-44,3.720075976020678e-44,0.0798923956170824,3.720075976020678e-44,3.720075976020678e-44,3.720075976020678e-44,3.720075976020678e-44,3.720075976020678e-44,3.720075976020678e-44,0.1135759173630931,3.720075976020678e-44,3.720075976020678e-44,3.720075976020678e-44,3.720075976020678e-44,3.720075976020678e-44,3.720075976020678e-44,3.720075976020678e-44,0.0271794652358887,0.0001424281175262,3.720075976020678e-44,3.720075976020678e-44,2.658243998183093e-42,0.2637981026172525,2.04557364030882e-37,3.720075976020678e-44,0.1585126689911502,5.3634365890246405e-17,1.1531147876398888e-17,3.720075976020678e-44,3.720075976020678e-44,3.720075976020678e-44,3.720075976020678e-44,0.0169975811533441,1.0794714761540157e-23,3.720075976020678e-44,3.720075976020678e-44,3.720075976020678e-44,3.720075976020678e-44,3.720075976020678e-44,0.0978827394400482,3.720075976020678e-44,3.720075976020678e-44,0.0291243211876441,3.720075976020678e-44,0.0427666230902208,2.8701170989570456e-39,3.720075976020678e-44,3.720075976020678e-44,0.0179356464051187,3.720075976020678e-44,0.0137168317921848,0.002063374552269,0.3938107190838256,3.720075976020678e-44,3.720075976020678e-44,3.720075976020678e-44,3.720075976020678e-44,3.720075976020678e-44,3.720075976020678e-44,3.720075976020678e-44,9.736519450787768e-33,3.720075976020678e-44,1.9469855757233373e-36,3.720075976020678e-44,0.602513462187597,0.4356000364950671,1.1725746571755524e-30,1.1608508715117505e-20,3.720075976020678e-44,9.499142550138105e-38,3.720075976020678e-44,3.720075976020678e-44,0.1615163877970697,3.720075976020678e-44,3.720075976020678e-44,0.4142304727106384,1.2489171105761011e-26,0.4815575595936656,3.720075976020678e-44,0.4003393517075246,3.720075976020678e-44,3.720075976020678e-44,0.0955181078643285,3.720075976020678e-44,0.6794237618131294,3.720075976020678e-44,9.842831501872519e-21
A3,3.720075976020678e-44,3.720075976020678e-44,3.720075976020678e-44,3.720075976020678e-44,3.720075976020678e-44,3.720075976020678e-44,3.720075976020678e-44,3.720075976020678e-44,3.720075976020678e-44,3.720075976020678e-44,0.1975094841622638,3.720075976020678e-44,3.720075976020678e-44,3.720075976020678e-44,0.3316942076359562,3.720075976020678e-44,3.720075976020678e-44,4.11582513601557e-25,3.720075976020678e-44,3.720075976020678e-44,3.720075976020678e-44,0.0421885480566791,0.1321629303656768,3.720075976020678e-44,3.720075976020678e-44,1.806312457139762e-06,0.0232248920506076,3.720075976020678e-44,0.0001478574123698,3.720075976020678e-44,3.720075976020678e-44,3.720075976020678e-44,3.720075976020678e-44,0.3907479330031601,0.0108816264991739,3.720075976020678e-44,3.720075976020678e-44,3.720075976020678e-44,3.720075976020678e-44,3.720075976020678e-44,3.720075976020678e-44,3.720075976020678e-44,3.720075976020678e-44,3.720075976020678e-44,3.720075976020678e-44,3.720075976020678e-44,3.720075976020678e-44,2.8739581471456717e-21,0.5152624757599187,6.3931545928082e-33,1.6180436695173783e-40,3.720075976020678e-44,3.720075976020678e-44,3.720075976020678e-44,3.720075976020678e-44,1.4944787455677116e-32,0.2159476031938495,3.720075976020678e-44,3.720075976020678e-44,3.720075976020678e-44,3.720075976020678e-44,3.720075976020678e-44,3.720075976020678e-44,3.720075976020678e-44,3.720075976020678e-44,3.720075976020678e-44,3.720075976020678e-44,3.720075976020678e-44,3.720075976020678e-44,3.720075976020678e-44,0.0108468783138568,0.3527290707391483,3.720075976020678e-44,3.720075976020678e-44,0.3532542070201017,1.4376380073501358e-39,3.720075976020678e-44,3.720075976020678e-44,3.720075976020678e-44,3.720075976020678e-44,3.720075976020678e-44,3.720075976020678e-44,3.720075976020678e-44,3.720075976020678e-44,3.720075976020678e-44,0.0001724816306116,3.720075976020678e-44,3.720075976020678e-44,3.720075976020678e-44,3.720075976020678e-44,3.720075976020678e-44,3.720075976020678e-44,3.720075976020678e-44,3.720075976020678e-44,3.720075976020678e-44,3.720075976020678e-44,0.0009240949656989,3.720075976020678e-44,0.0511710041879292,3.720075976020678e-44,0.13873225503955,3.720075976020678e-44,0.0046567707888225,3.720075976020678e-44,0.0133010383257468,3.720075976020678e-44,3.720075976020678e-44,3.720075976020678e-44,3.720075976020678e-44,4.378317561482923e-12,3.720075976020678e-44,3.720075976020678e-44,3.720075976020678e-44,3.720075976020678e-44,3.720075976020678e-44,3.720075976020678e-44,1.1774263192311134e-31,0.6150128760706964,0.5177813529955313,2.327260876783418e-43,0.2230138391043711,3.720075976020678e-44,3.720075976020678e-44,3.720075976020678e-44,3.720075976020678e-44,3.720075976020678e-44,3.720075976020678e-44,2.3783031349323247e-38,3.720075976020678e-44,5.700670979102443e-25,0.4014831714418073,0.3128933352851431,3.720075976020678e-44,0.0050144820341239,3.720075976020678e-44,3.720075976020678e-44,3.720075976020678e-44,0.5949162862672429,3.720075976020678e-44,3.720075976020678e-44
A4,3.720075976020678e-44,3.720075976020678e-44,3.720075976020678e-44,3.720075976020678e-44,3.720075976020678e-44,3.720075976020678e-44,3.720075976020678e-44,3.720075976020678e-44,3.720075976020678e-44,3.720075976020678e-44,3.720075976020678e-44,3.720075976020678e-44,0.2401898562822989,3.720075976020678e-44,3.720075976020678e-44,3.720075976020678e-44,3.720075976020678e-44,3.720075976020678e-44,0.0175703041151522,0.3434440360409295,3.720075976020678e-44,7.738046518163669e-14,3.720075976020678e-44,0.3287850562740436,3.720075976020678e-44,3.720075976020678e-44,3.720075976020678e-44,0.0024332882781484,0.0147182535134871,3.720075976020678e-44,0.0004831804826459,3.720075976020678e-44,0.1367939768466311,3.720075976020678e-44,3.720075976020678e-44,3.720075976020678e-44,3.720075976020678e-44,3.720075976020678e-44,3.720075976020678e-44,3.720075976020678e-44,3.720075976020678e-44,3.720075976020678e-44,3.720075976020678e-44,3.720075976020678e-44,3.720075976020678e-44,3.720075976020678e-44,3.720075976020678e-44,3.720075976020678e-44,3.720075976020678e-44,0.5029277676914564,5.486680105994405e-32,3.720075976020678e-44,3.720075976020678e-44,3.720075976020678e-44,3.720075976020678e-44,3.720075976020678e-44,3.720075976020678e-44,3.720075976020678e-44,0.1058866641402082,3.720075976020678e-44,3.720075976020678e-44,3.720075976020678e-44,3.720075976020678e-44,3.720075976020678e-44,3.720075976020678e-44,3.720075976020678e-44,3.720075976020678e-44,3.720075976020678e-44,3.720075976020678e-44,0.0265746546638626,3.720075976020678e-44,3.720075976020678e-44,0.4575071423283163,1.0623330088600205e-13,3.720075976020678e-44,2.862276081649019e-32,3.720075976020678e-44,0.5651393807911885,2.2007248964478335e-32,3.720075976020678e-44,1.5420896972725938e-37,3.720075976020678e-44,2.225204071296342e-28,3.720075976020678e-44,3.720075976020678e-44,3.720075976020678e-44,3.720075976020678e-44,3.720075976020678e-44,3.720075976020678e-44,0.0498682626705786,0.3207580039230394,3.720075976020678e-44,3.720075976020678e-44,2.724893677152127e-24,3.720075976020678e-44,3.720075976020678e-44,3.720075976020678e-44,3.720075976020678e-44,0.3074393474050533,0.00073407944315,3.720075976020678e-44,0.19745911980148,3.720075976020678e-44,0.1845397614814648,3.720075976020678e-44,3.720075976020678e-44,3.720075976020678e-44,3.720075976020678e-44,3.720075976020678e-44,3.720075976020678e-44,3.720075976020678e-44,3.720075976020678e-44,3.720075976020678e-44,3.720075976020678e-44,3.720075976020678e-44,6.2315668447431624e-30,3.98770437323284e-16,0.5306122605345656,0.2802505005418258,0.5639373280805291,0.2452653682620316,1.3455494345762963e-31,1.3110037007952986e-16,3.720075976020678e-44,1.2082191106164198e-39,3.720075976020678e-44,3.720075976020678e-44,2.405659617895348e-25,3.720075976020678e-44,0.5736667875134318,1.7226030250712498e-21,0.1332580420610128,3.720075976020678e-44,0.1749009178486482,4.0483533046506546e-44,1.2134842180814638e-37,0.4742682033771514,0.0789355104824689,0.2845160596733636,6.227322059447971e-13
A5,3.720075976020678e-44,3.594497176206662e-40,3.720075976020678e-44,3.720075976020678e-44,6.506275429798787e-26,2.1989878371209413e-24,2.014963268499707e-32,3.720075976020678e-44,0.0010918980946983,0.1881586776956753,3.720075976020678e-44,3.720075976020678e-44,3.720075976020678e-44,3.720075976020678e-44,3.720075976020678e-44,3.720075976020678e-44,3.720075976020678e-44,1.5902733597352922e-43,0.057097395116443,3.720075976020678e-44,3.720075976020678e-44,0.0003148725852422,3.720075976020678e-44,3.720075976020678e-44,3.720075976020678e-44,3.720075976020678e-44,3.720075976020678e-44,0.0033141910720077,0.0092024052946608,0.0137819676879801,0.0001355964107098,3.720075976020678e-44,3.720075976020678e-44,3.720075976020678e-44,0.0066605901442587,3.720075976020678e-44,3.720075976020678e-44,3.720075976020678e-44,3.720075976020678e-44,3.720075976020678e-44,3.720075976020678e-44,3.720075976020678e-44,3.720075976020678e-44,3.720075976020678e-44,3.720075976020678e-44,3.720075976020678e-44,3.720075976020678e-44,0.3425888025583924,0.4289007925075831,3.720075976020678e-44,3.720075976020678e-44,3.720075976020678e-44,3.720075976020678e-44,3.720075976020678e-44,3.720075976020678e-44,3.720075976020678e-44,0.1957406813178267,0.0914583775175406,3.720075976020678e-44,3.720075976020678e-44,0.3782724587049417,3.720075976020678e-44,0.1275787139561974,3.720075976020678e-44,3.720075976020678e-44,3.720075976020678e-44,3.720075976020678e-44,0.0027758821491678,3.720075976020678e-44,3.720075976020678e-44,3.720075976020678e-44,3.720075976020678e-44,0.5676536683779152,2.4089882070237584e-19,0.0862267870648625,0.4147470797056024,3.720075976020678e-44,2.674402850976671e-26,0.2246806317678102,3.720075976020678e-44,3.720075976020678e-44,3.720075976020678e-44,0.1346447020465586,0.2545847214662241,0.2152132233269727,3.720075976020678e-44,0.0985471611389508,0.0073946588555685,3.720075976020678e-44,3.720075976020678e-44,0.115393484878827,0.0176842080048339,0.0114644893030052,0.0315858384455223,3.720075976020678e-44,3.720075976020678e-44,1.5246344019244609e-07,0.0016119488503266,2.6384042143859294e-20,3.720075976020678e-44,8.811263639642056e-11,3.720075976020678e-44,0.0050690587081773,3.720075976020678e-44,3.720075976020678e-44,0.4087628511643601,3.720075976020678e-44,3.720075976020678e-44,3.720075976020678e-44,3.720075976020678e-44,3.720075976020678e-44,3.720075976020678e-44,3.720075976020678e-44,3.720075976020678e-44,3.720075976020678e-44,3.9154811696857344e-37,2.8925025505775955e-43,0.3027150891337348,3.720075976020678e-44,0.4293223382912067,1.6145945292481361e-43,3.720075976020678e-44,3.720075976020678e-44,3.720075976020678e-44,3.720075976020678e-44,3.720075976020678e-44,3.720075976020678e-44,0.2550332919858031,3.720075976020678e-44,0.3271381833373152,0.3732950203838421,3.720075976020678e-44,0.0004934946851513,3.720075976020678e-44,3.720075976020678e-44,0.298595817388486,0.1965318719608967,3.720075976020678e-44,2.0758789531277196e-05,3.720075976020678e-44
A6,3.720075976020678e-44,3.720075976020678e-44,3.720075976020678e-44,3.720075976020678e-44,3.720075976020678e-44,3.720075976020678e-44,3.720075976020678e-44,1.5538824246059385e-29,1.7360087312234566e-26,3.720075976020678e-44,3.720075976020678e-44,0.001869167743814,3.720075976020678e-44,3.720075976020678e-44,7.988697440209827e-18,3.720075976020678e-44,0.1483980550108064,3.720075976020678e-44,3.720075976020678e-44,4.0727515578390645e-36,3.720075976020678e-44,2.94332935164308e-07,0.0372718848197431,3.720075976020678e-44,0.0098432346526001,3.720075976020678e-44,0.0004033284988265,0.1305678025494548,3.720075976020678e-44,0.1455657587435415,3.720075976020678e-44,0.0475265970219731,3.720075976020678e-44,3.720075976020678e-44,3.720075976020678e-44,0.0357786339957286,1.900496264574605e-06,3.720075976020678e-44,3.720075976020678e-44,3.720075976020678e-44,3.720075976020678e-44,3.720075976020678e-44,3.720075976020678e-44,3.720075976020678e-44,3.720075976020678e-44,3.720075976020678e-44,3.720075976020678e-44,3.720075976020678e-44,0.4817279886666019,3.720075976020678e-44,3.720075976020678e-44,3.720075976020678e-44,3.720075976020678e-44,0.0375638032410686,3.720075976020678e-44,3.720075976020678e-44,0.2289118780258874,3.555626676461794e-38,3.720075976020678e-44,3.720075976020678e-44,3.720075976020678e-44,3.720075976020678e-44,3.720075976020678e-44,3.720075976020678e-44,3.720075976020678e-44,3.720075976020678e-44,3.720075976020678e-44,8.366938383858647e-05,3.720075976020678e-44,3.720075976020678e-44,0.0056174657439456,3.720075976020678e-44,3.720075976020678e-44,6.395526298243133e-29,3.720075976020678e-44,3.720075976020678e-44,3.720075976020678e-44,3.720075976020678e-44,3.720075976020678e-44,3.720075976020678e-44,3.720075976020678e-44,3.720075976020678e-44,3.720075976020678e-44,3.720075976020678e-44,0.2659229638551126,0.349067422927428,3.720075976020678e-44,3.720075976020678e-44,3.720075976020678e-44,3.720075976020678e-44,3.720075976020678e-44,0.0536462495976409,0.0672351362978345,3.720075976020678e-44,3.720075976020678e-44,3.720075976020678e-44,0.0992304982788694,3.720075976020678e-44,0.0280562989043802,3.720075976020678e-44,0.0093531912434013,0.0019718206910193,3.720075976020678e-44,3.720075976020678e-44,3.720075976020678e-44,0.3162427240846862,3.720075976020678e-44,3.720075976020678e-44,3.720075976020678e-44,0.2119835867041122,3.720075976020678e-44,1.3279785701295729e-42,3.720075976020678e-44,3.720075976020678e-44,3.720075976020678e-44,3.720075976020678e-44,3.720075976020678e-44,0.5640453478089548,6.615457932967893e-39,0.6529656482595705,0.2965756919789952,0.5037893067978927,3.720075976020678e-44,3.720075976020678e-44,0.035140303068834,3.720075976020678e-44,3.720075976020678e-44,0.1839512986989195,0.4875495593219553,0.4564338197390939,2.5249619351491097e-35,3.720075976020678e-44,3.720075976020678e-44,3.720075976020678e-44,3.720075976020678e-44,3.720075976020678e-44,0.0706903406050265,0.2986548880106357,0.6411016990547241,3.172525748307777e-33
A7,3.720075976020678e-44,3.720075976020678e-44,3.720075976020678e-44,3.720075976020678e-44,3.720075976020678e-44,3.720075976020678e-44,3.720075976020678e-44,3.720075976020678e-44,3.720075976020678e-44,3.720075976020678e-44,3.720075976020678e-44,3.720075976020678e-44,3.720075976020678e-44,3.720075976020678e-44,3.720075976020678e-44,3.720075976020678e-44,0.1337997363548286,3.720075976020678e-44,3.720075976020678e-44,3.720075976020678e-44,3.720075976020678e-44,3.720075976020678e-44,3.720075976020678e-44,0.0227643092263579,3.720075976020678e-44,0.0151647655352075,0.0124503539390399,3.720075976020678e-44,3.720075976020678e-44,3.720075976020678e-44,3.720075976020678e-44,0.143606994122047,3.720075976020678e-44,3.720075976020678e-44,3.720075976020678e-44,3.720075976020678e-44,3.720075976020678e-44,3.720075976020678e-44,3.720075976020678e-44,3.720075976020678e-44,3.720075976020678e-44,3.720075976020678e-44,3.720075976020678e-44,3.720075976020678e-44,3.720075976020678e-44,3.720075976020678e-44,3.720075976020678e-44,0.5692522280697528,3.720075976020678e-44,3.720075976020678e-44,3.720075976020678e-44,3.720075976020678e-44,3.720075976020678e-44,3.720075976020678e-44,9.375922124784052e-33,3.720075976020678e-44,0.1864693426066164,0.1374817075432116,3.720075976020678e-44,3.720075976020678e-44,3.720075976020678e-44,4.730082301923164e-34,0.0426202963802375,3.720075976020678e-44,0.0163795735680048,3.720075976020678e-44,3.720075976020678e-44,3.720075976020678e-44,3.720075976020678e-44,3.720075976020678e-44,0.0060507731770029,3.720075976020678e-44,7.194105944705475e-08,3.720075976020678e-44,3.720075976020678e-44,0.3462381702549155,0.0092318732786823,2.165049394032281e-42,3.720075976020678e-44,3.720075976020678e-44,3.720075976020678e-44,3.720075976020678e-44,0.2732493975768985,1.9528956891626267e-20,0.022733863404808,3.720075976020678e-44,3.720075976020678e-44,3.720075976020678e-44,3.720075976020678e-44,3.720075976020678e-44,3.720075976020678e-44,3.720075976020678e-44,3.720075976020678e-44,3.720075976020678e-44,3.720075976020678e-44,0.018213999988012,3.720075976020678e-44,3.720075976020678e-44,3.720075976020678e-44,3.720075976020678e-44,3.720075976020678e-44,3.720075976020678e-44,3.720075976020678e-44,0.0097090293465433,0.0661761844002599,0.4227295287215737,5.977470760966222e-09,3.720075976020678e-44,3.720075976020678e-44,3.720075976020678e-44,3.720075976020678e-44,3.720075976020678e-44,3.720075976020678e-44,3.720075976020678e-44,3.720075976020678e-44,0.3319266741864103,5.645554792486492e-32,0.4206315323553241,3.720075976020678e-44,0.05652906461171,3.720075976020678e-44,3.720075976020678e-44,3.720075976020678e-44,3.720075976020678e-44,3.720075976020678e-44,3.720075976020678e-44,3.720075976020678e-44,3.720075976020678e-44,3.720075976020678e-44,3.720075976020678e-44,0.3077880963217038,0.1693401294691681,3.720075976020678e-44,3.720075976020678e-44,3.720075976020678e-44,0.0479402785973786,6.942199087767203e-19,3.720075976020678e-44,0.5878946702370565,3.720075976020678e-44
A8,3.720075976020678e-44,3.720075976020678e-44,3.720075976020678e-44,3.720075976020678e-44,3.720075976020678e-44,6.67406120738202e-32,3.720075976020678e-44,3.720075976020678e-44,3.720075976020678e-44,3.720075976020678e-44,3.720075976020678e-44,3.720075976020678e-44,3.720075976020678e-44,3.720075976020678e-44,3.720075976020678e-44,3.720075976020678e-44,0.0827731464774922,3.720075976020678e-44,0.0088669373226208,3.720075976020678e-44,0.0386991126672853,3.720075976020678e-44,3.720075976020678e-44,0.0218612975358301,0.0507399930817688,3.720075976020678e-44,8.047022922276974e-06,0.1555794347069714,3.720075976020678e-44,3.720075976020678e-44,3.720075976020678e-44,3.720075976020678e-44,3.720075976020678e-44,0.0062799568184678,3.720075976020678e-44,3.720075976020678e-44,3.604231672437806e-14,3.720075976020678e-44,3.720075976020678e-44,3.720075976020678e-44,3.720075976020678e-44,3.720075976020678e-44,3.720075976020678e-44,3.720075976020678e-44,3.720075976020678e-44,3.720075976020678e-44,3.720075976020678e-44,0.4647644177876285,1.5547128236890884e-25,7.483990374353777e-35,3.720075976020678e-44,3.223998613774782e-36,6.945808381330306e-44,3.720075976020678e-44,3.720075976020678e-44,3.720075976020678e-44,3.720075976020678e-44,0.1499207069482983,3.720075976020678e-44,1.3950847022419285e-12,3.720075976020678e-44,3.720075976020678e-44,0.1175425056224972,3.720075976020678e-44,3.720075976020678e-44,3.720075976020678e-44,3.720075976020678e-44,3.720075976020678e-44,3.720075976020678e-44,3.720075976020678e-44,0.0001259616004756,0.2476141758447657,0.147162462235032,3.720075976020678e-44,3.720075976020678e-44,3.720075976020678e-44,1.325076273486333e-38,3.720075976020678e-44,3.720075976020678e-44,3.720075976020678e-44,3.720075976020678e-44,3.720075976020678e-44,3.720075976020678e-44,3.720075976020678e-44,3.720075976020678e-44,3.720075976020678e-44,3.720075976020678e-44,3.720075976020678e-44,0.0453055317033247,3.720075976020678e-44,3.720075976020678e-44,3.720075976020678e-44,3.720075976020678e-44,3.720075976020678e-44,3.720075976020678e-44,0.0564585984522775,3.720075976020678e-44,3.720075976020678e-44,0.390991524327101,3.720075976020678e-44,0.0305915452747888,0.0017140548410064,6.816269303795979e-09,3.720075976020678e-44,0.1218965854831592,0.3709807196847618,7.841545226674438e-23,3.720075976020678e-44,3.720075976020678e-44,3.720075976020678e-44,3.720075976020678e-44,3.720075976020678e-44,3.720075976020678e-44,3.720075976020678e-44,3.720075976020678e-44,3.720075976020678e-44,0.6328717697663303,0.4348642935446657,2.626839284399204e-18,0.4882260074011556,0.3494144797554597,2.3472993917136145e-42,3.720075976020678e-44,3.720075976020678e-44,3.720075976020678e-44,3.720075976020678e-44,3.720075976020678e-44,3.720075976020678e-44,3.720075976020678e-44,0.3317310283553993,0.3010334908173978,0.128345082608744,0.1196126827238739,0.1854802765769669,3.720075976020678e-44,3.720075976020678e-44,3.720075976020678e-44,0.5559634881655288,3.720075976020678e-44,1.0729775093908033e-19
B1,3.720075976020678e-44,3.720075976020678e-44,3.720075976020678e-44,3.720075976020678e-44,3.720075976020678e-44,3.720075976020678e-44,0.1973237056911694,0.2887622314465143,0.1405650288030369,1.4017410993890736e-38,3.720075976020678e-44,3.720075976020678e-44,3.720075976020678e-44,3.720075976020678e-44,3.720075976020678e-44,3.720075976020678e-44,3.720075976020678e-44,3.720075976020678e-44,3.720075976020678e-44,3.720075976020678e-44,3.720075976020678e-44,3.720075976020678e-44,3.720075976020678e-44,3.720075976020678e-44,0.007305837599125,3.720075976020678e-44,3.720075976020678e-44,3.720075976020678e-44,0.0031931245203013,3.720075976020678e-44,0.0025834980288398,3.720075976020678e-44,5.581130258949901e-12,3.720075976020678e-44,3.720075976020678e-44,3.0282774662183195e-08,3.720075976020678e-44,3.720075976020678e-44,3.720075976020678e-44,3.720075976020678e-44,3.720075976020678e-44,3.720075976020678e-44,3.720075976020678e-44,3.720075976020678e-44,3.720075976020678e-44,3.720075976020678e-44,3.720075976020678e-44,3.720075976020678e-44,3.720075976020678e-44,3.720075976020678e-44,3.720075976020678e-44,3.720075976020678e-44,3.720075976020678e-44,3.720075976020678e-44,2.1027698259573173e-33,4.726545675200735e-22,0.1392498785940239,3.2720438578962344e-37,3.720075976020678e-44,3.720075976020678e-44,3.720075976020678e-44,0.0231865112507261,0.1790865122620623,3.720075976020678e-44,3.720075976020678e-44,3.720075976020678e-44,3.720075976020678e-44,3.720075976020678e-44,3.720075976020678e-44,3.720075976020678e-44,0.1846200727623167,3.720075976020678e-44,3.720075976020678e-44,2.4880501853900204e-43,0.0636405626394241,8.748823038914269e-38,0.0221507808150398,5.8820071128121055e-27,0.2160100051429348,3.720075976020678e-44,4.707243900727788e-22,0.1098612380085403,3.720075976020678e-44,3.720075976020678e-44,0.0019911460604773,3.720075976020678e-44,3.720075976020678e-44,3.720075976020678e-44,3.720075976020678e-44,0.0919179651439312,0.0447637339648577,0.0243010410348966,0.0669811078653783,0.1914055166113394,0.1650234643540059,7.975974043998543e-05,0.0727562242630504,3.720075976020678e-44,3.720075976020678e-44,3.720075976020678e-44,0.0482190358456148,3.720075976020678e-44,3.720075976020678e-44,3.720075976020678e-44,0.0075070660399978,0.2646248713691153,3.720075976020678e-44,3.720075976020678e-44,3.720075976020678e-44,3.720075976020678e-44,3.720075976020678e-44,3.720075976020678e-44,3.720075976020678e-44,3.720075976020678e-44,3.720075976020678e-44,3.720075976020678e-44,2.7891099256005534e-24,0.6387999414846357,1.6106986050255046e-31,0.5912149412327593,8.172230591439602e-22,3.6345538175019994e-08,1.5219979424502629e-43,5.2106746152146445e-14,5.1404444072342505e-36,6.923327590675899e-43,1.2894895763409302e-19,0.2219977343139531,3.8759156187299985e-29,0.1991552018195016,0.4515573681616269,0.3453602609835822,3.720075976020678e-44,3.720075976020678e-44,0.0065515085208788,0.1966820489832635,3.720075976020678e-44,3.720075976020678e-44,0.6311956906071982,1.7362991498759133e-19
B2,3.720075976020678e-44,3.720075976020678e-44,3.720075976020678e-44,3.720075976020678e-44,3.720075976020678e-44,3.720075976020678e-44,3.720075976020678e-44,3.720075976020678e-44,3.720075976020678e-44,0.009120814662897,3.720075976020678e-44,3.720075976020678e-44,3.720075976020678e-44,0.0880277448075783,3.720075976020678e-44,3.720075976020678e-44,3.720075976020678e-44,3.720075976020678e-44,0.0675443153767946,0.004565673122528,3.720075976020678e-44,3.720075976020678e-44,0.0508324429315716,3.720075976020678e-44,3.720075976020678e-44,3.720075976020678e-44,3.720075976020678e-44,6.355823812863602e-07,3.720075976020678e-44,3.720075976020678e-44,3.720075976020678e-44,3.720075976020678e-44,3.720075976020678e-44,0.0009742520540457,0.0021732659449528,3.6913521034018826e-11,7.235518940205266e-18,3.720075976020678e-44,3.720075976020678e-44,3.720075976020678e-44,3.720075976020678e-44,3.720075976020678e-44,3.720075976020678e-44,3.720075976020678e-44,3.720075976020678e-44,3.720075976020678e-44,0.5434170797469473,3.720075976020678e-44,3.720075976020678e-44,3.720075976020678e-44,3.720075976020678e-44,3.720075976020678e-44,3.720075976020678e-44,3.720075976020678e-44,3.720075976020678e-44,3.720075976020678e-44,3.720075976020678e-44,3.720075976020678e-44,3.720075976020678e-44,6.828731807744961e-42,3.720075976020678e-44,3.720075976020678e-44,0.3625871192460378,3.720075976020678e-44,3.720075976020678e-44,0.0090180357086452,0.015528361204119,3.720075976020678e-44,3.720075976020678e-44,3.720075976020678e-44,0.0598076499991406,0.2550849111563514,0.5692117587107987,1.0037317555713208e-14,3.720075976020678e-44,2.482202880792095e-38,6.522892724969924e-40,0.1918623403672714,1.4547394352663987e-34,0.0536060839748827,3.720075976020678e-44,0.1697494417582691,1.91890304279598e-36,3.720075976020678e-44,0.2205116113396431,0.1763260656881172,3.720075976020678e-44,3.720075976020678e-44,3.720075976020678e-44,3.720075976020678e-44,2.988336640105569e-27,3.720075976020678e-44,0.0675142893027646,3.720075976020678e-44,3.2062256224273616e-30,2.324178643227032e-05,0.0049822094442267,0.029311860926874,3.720075976020678e-44,0.0063704614406323,3.720075976020678e-44,4.0368439886347446e-14,3.720075976020678e-44,3.720075976020678e-44,3.720075976020678e-44,0.3299346439003878,6.447360125592731e-09,3.720075976020678e-44,3.720075976020678e-44,3.720075976020678e-44,3.720075976020678e-44,3.720075976020678e-44,0.1951118439690406,5.8109853205669414e-27,6.961214539843303e-31,6.387166915448136e-39,7.768291811092782e-17,2.504078877322105e-19,0.6038597285687641,0.6427115083454138,5.170317459787911e-32,8.268887110280255e-39,3.600289143462638e-38,2.099054314037095e-42,1.2080408824178651e-36,5.295221757065057e-43,3.720075976020678e-44,0.4480127602566573,6.395161017362625e-29,0.4431449773007612,0.2230910594033372,0.1628486105370493,5.589033221123581e-18,0.1034658479671264,3.720075976020678e-44,0.0312756895788337,3.720075976020678e-44,0.0009222140111639,3.720075976020678e-44,3.720075976020678e-44
B3,3.720075976020678e-44,3.720075976020678e-44,3.720075976020678e-44,3.720075976020678e-44,3.720075976020678e-44,3.720075976020678e-44,3.720075976020678e-44,0.1451748453995883,3.720075976020678e-44,3.720075976020678e-44,3.720075976020678e-44,3.720075976020678e-44,0.0154384070485858,3.720075976020678e-44,3.720075976020678e-44,0.0723671770913914,3.720075976020678e-44,0.018524170320702,3.720075976020678e-44,3.720075976020678e-44,3.720075976020678e-44,0.0001454001250007,0.0037540440097051,3.720075976020678e-44,0.0047981488501994,3.720075976020678e-44,3.720075976020678e-44,0.045624123695513,3.720075976020678e-44,3.720075976020678e-44,0.0013526008300576,3.720075976020678e-44,3.720075976020678e-44,3.720075976020678e-44,3.720075976020678e-44,4.871939328447929e-14,3.720075976020678e-44,3.720075976020678e-44,3.720075976020678e-44,3.720075976020678e-44,3.720075976020678e-44,3.720075976020678e-44,3.720075976020678e-44,3.720075976020678e-44,3.720075976020678e-44,3.720075976020678e-44,2.2417266643662613e-34,0.064256081322932,0.5152570021830741,0.1700942017922616,3.720075976020678e-44,3.720075976020678e-44,3.720075976020678e-44,3.720075976020678e-44,3.720075976020678e-44,3.720075976020678e-44,3.720075976020678e-44,3.720075976020678e-44,3.720075976020678e-44,3.720075976020678e-44,0.2585845689660166,3.5584210310010115e-39,0.0198255342524537,3.720075976020678e-44,0.1346094572877574,7.354619655503467e-41,3.720075976020678e-44,0.040824744645532,3.720075976020678e-44,3.720075976020678e-44,0.0861867686099004,8.020451227715892e-05,1.573599701806067e-05,3.720075976020678e-44,1.054782871735346e-39,5.193714721387292e-41,3.720075976020678e-44,0.5608599983139643,3.720075976020678e-44,3.720075976020678e-44,0.4782652859587902,3.720075976020678e-44,3.720075976020678e-44,3.720075976020678e-44,3.720075976020678e-44,3.720075976020678e-44,3.720075976020678e-44,3.720075976020678e-44,3.720075976020678e-44,3.720075976020678e-44,5.5979490105734515e-43,3.720075976020678e-44,3.720075976020678e-44,0.082255925705717,0.1564303004104684,3.720075976020678e-44,3.720075976020678e-44,0.0020771470748487,2.8138386941839695e-05,3.720075976020678e-44,3.720075976020678e-44,3.011178761495734e-06,3.720075976020678e-44,0.0101604915574444,0.237390675869542,3.720075976020678e-44,3.720075976020678e-44,3.720075976020678e-44,3.720075976020678e-44,3.720075976020678e-44,0.1770009765137634,2.770321704310967e-28,1.5873727001219528e-19,7.907264227506761e-32,2.3831283172645924e-32,5.979391308567767e-44,3.720075976020678e-44,1.499073411048773e-42,3.2995069896120937e-42,0.6180845861784418,0.595094687441688,9.05016946857293e-39,3.720075976020678e-44,3.720075976020678e-44,3.720075976020678e-44,3.720075976020678e-44,3.1387575327509743e-43,0.3037636082582335,2.2165158237650161e-38,0.6178938520235765,0.2541735477366441,3.720075976020678e-44,3.720075976020678e-44,3.720075976020678e-44,3.720075976020678e-44,3.720075976020678e-44,0.4887080710175253,0.6482231520314969,0.0063540706703489,3.720075976020678e-44
B4,0.1588081374028309,3.720075976020678e-44,3.720075976020678e-44,3.720075976020678e-44,3.720075976020678e-44,0.1837895197889411,3.720075976020678e-44,3.720075976020678e-44,3.720075976020678e-44,0.2769975412131522,3.720075976020678e-44,3.720075976020678e-44,0.0538519618386973,3.720075976020678e-44,3.720075976020678e-44,3.720075976020678e-44,0.217823856849677,3.720075976020678e-44,3.720075976020678e-44,3.720075976020678e-44,3.720075976020678e-44,3.720075976020678e-44,3.720075976020678e-44,3.720075976020678e-44,3.720075976020678e-44,0.0056495761368905,5.782605519891746e-07,3.720075976020678e-44,3.720075976020678e-44,0.0276105224299685,3.720075976020678e-44,3.720075976020678e-44,5.639317556349291e-11,3.720075976020678e-44,3.720075976020678e-44,3.720075976020678e-44,3.720075976020678e-44,6.099073006208295e-41,3.720075976020678e-44,3.720075976020678e-44,3.720075976020678e-44,3.720075976020678e-44,3.720075976020678e-44,3.720075976020678e-44,3.720075976020678e-44,7.252490243237453e-40,1.6399929680828943e-39,0.3786748559105868,1.780719035227759e-35,3.720075976020678e-44,3.720075976020678e-44,3.720075976020678e-44,0.00558904979588,3.720075976020678e-44,3.720075976020678e-44,3.720075976020678e-44,0.1792327709742411,3.720075976020678e-44,0.0674843049781869,3.720075976020678e-44,3.720075976020678e-44,3.720075976020678e-44,0.1147719120180094,9.091086784255439e-14,8.885420827199531e-31,3.720075976020678e-44,3.720075976020678e-44,3.720075976020678e-44,3.720075976020678e-44,3.720075976020678e-44,3.720075976020678e-44,0.1374344858670266,3.720075976020678e-44,3.720075976020678e-44,3.720075976020678e-44,5.282215857232804e-07,6.934854280064264e-37,3.720075976020678e-44,0.1525328252607342,3.720075976020678e-44,3.720075976020678e-44,3.720075976020678e-44,3.720075976020678e-44,0.0173816315135319,3.720075976020678e-44,3.720075976020678e-44,0.21007594169148,3.720075976020678e-44,3.720075976020678e-44,3.720075976020678e-44,3.720075976020678e-44,3.720075976020678e-44,3.720075976020678e-44,3.720075976020678e-44,3.720075976020678e-44,3.720075976020678e-44,0.0026585961423504,3.720075976020678e-44,3.720075976020678e-44,2.535962438327379e-06,3.720075976020678e-44,3.720075976020678e-44,3.720075976020678e-44,3.720075976020678e-44,0.2158207717518115,0.2608641305913791,3.720075976020678e-44,3.720075976020678e-44,1.4410327974241776e-29,0.2557019508339866,3.720075976020678e-44,3.720075976020678e-44,0.1429310354196749,3.720075976020678e-44,3.720075976020678e-44,8.220715366185027e-22,0.6340108976732098,9.623650617844393e-16,0.6155477440955403,0.5573038387373779,0.0002702142463617,1.690773832541407e-26,0.4092862695057572,3.720075976020678e-44,3.720075976020678e-44,3.0600742001939484e-34,8.866172934063729e-14,0.585048463561405,0.2322452064430155,3.720075976020678e-44,3.720075976020678e-44,3.720075976020678e-44,0.2221048509729289,3.720075976020678e-44,3.720075976020678e-44,0.0200598354750025,7.472092681417237e-05,0.025329009170321,0.5697214817645221,3.720075976020678e-44
B5,3.720075976020678e-44,3.720075976020678e-44,3.720075976020678e-44,0.2114014905918041,3.720075976020678e-44,3.720075976020678e-44,3.720075976020678e-44,1.3358681957562762e-41,2.601141392139795e-40,3.720075976020678e-44,0.2221555007454011,3.720075976020678e-44,3.720075976020678e-44,3.720075976020678e-44,3.720075976020678e-44,3.720075976020678e-44,3.720075976020678e-44,3.720075976020678e-44,0.1588998312168479,3.720075976020678e-44,3.720075976020678e-44,3.720075976020678e-44,3.720075976020678e-44,0.0486217794891087,3.720075976020678e-44,3.720075976020678e-44,3.720075976020678e-44,3.720075976020678e-44,3.720075976020678e-44,3.720075976020678e-44,0.0228024366474836,1.0326025539358779e-07,3.720075976020678e-44,3.720075976020678e-44,0.0014813376365002,0.2353096823773607,3.720075976020678e-44,3.720075976020678e-44,3.720075976020678e-44,3.720075976020678e-44,3.720075976020678e-44,3.720075976020678e-44,3.720075976020678e-44,3.720075976020678e-44,3.720075976020678e-44,1.316161571050704e-33,0.3402280368983618,3.720075976020678e-44,0.5128569011056328,6.885721544356139e-36,3.720075976020678e-44,3.720075976020678e-44,3.720075976020678e-44,3.720075976020678e-44,0.0107028737413813,3.720075976020678e-44,3.720075976020678e-44,3.720075976020678e-44,3.720075976020678e-44,3.720075976020678e-44,9.533881519070764e-43,0.4290351686128091,3.720075976020678e-44,3.720075976020678e-44,3.720075976020678e-44,3.720075976020678e-44,3.720075976020678e-44,3.720075976020678e-44,3.720075976020678e-44,3.720075976020678e-44,0.0467599203940792,0.3206800119884798,0.5355872875218431,3.720075976020678e-44,3.720075976020678e-44,3.720075976020678e-44,3.720075976020678e-44,3.720075976020678e-44,3.720075976020678e-44,2.280428748533344e-33,3.720075976020678e-44,3.720075976020678e-44,3.720075976020678e-44,3.720075976020678e-44,3.720075976020678e-44,3.720075976020678e-44,3.720075976020678e-44,0.1067848356268812,1.2842668715378485e-42,3.720075976020678e-44,3.720075976020678e-44,3.720075976020678e-44,3.720075976020678e-44,3.720075976020678e-44,3.720075976020678e-44,3.720075976020678e-44,3.720075976020678e-44,3.720075976020678e-44,3.720075976020678e-44,0.1539332018098032,0.0021528756203854,3.720075976020678e-44,9.960140855905656e-05,3.720075976020678e-44,3.720075976020678e-44,0.1241010902434819,3.720075976020678e-44,1.2180367819404214e-13,3.720075976020678e-44,0.1343050216629564,3.720075976020678e-44,3.720075976020678e-44,3.720075976020678e-44,3.720075976020678e-44,3.720075976020678e-44,3.720075976020678e-44,4.752286386582656e-36,0.6109896051298632,0.740348632869976,6.207783881846315e-29,1.1627086136701737e-19,0.4069097203508531,3.720075976020678e-44,3.720075976020678e-44,3.720075976020678e-44,0.349547098645541,3.720075976020678e-44,3.720075976020678e-44,0.4200294049386034,0.0762841718953952,3.720075976020678e-44,3.720075976020678e-44,0.2691594871185506,0.2076881380830188,3.720075976020678e-44,0.0502490951152783,3.720075976020678e-44,0.0139956613510719,5.580620089943312e-06,0.010980249864671
B6,3.720075976020678e-44,3.720075976020678e-44,3.720075976020678e-44,3.720075976020678e-44,3.720075976020678e-44,3.720075976020678e-44,3.720075976020678e-44,3.720075976020678e-44,3.720075976020678e-44,3.720075976020678e-44,3.720075976020678e-44,3.720075976020678e-44,3.720075976020678e-44,3.720075976020678e-44,3.720075976020678e-44,0.0009635906122148,3.720075976020678e-44,3.720075976020678e-44,0.2317933896667407,3.720075976020678e-44,3.720075976020678e-44,3.720075976020678e-44,3.720075976020678e-44,3.720075976020678e-44,3.720075976020678e-44,3.720075976020678e-44,3.720075976020678e-44,1.100308469211228e-11,3.720075976020678e-44,3.720075976020678e-44,0.0010765305173336,3.720075976020678e-44,3.720075976020678e-44,3.720075976020678e-44,3.720075976020678e-44,3.720075976020678e-44,3.720075976020678e-44,3.720075976020678e-44,3.720075976020678e-44,3.720075976020678e-44,3.720075976020678e-44,3.720075976020678e-44,3.720075976020678e-44,3.720075976020678e-44,3.720075976020678e-44,2.220356756493754e-39,1.8815174625013068e-31,0.5904435355457462,1.7346950198831994e-07,3.720075976020678e-44,3.720075976020678e-44,3.720075976020678e-44,3.720075976020678e-44,3.720075976020678e-44,0.1158847515799109,3.720075976020678e-44,3.720075976020678e-44,3.720075976020678e-44,3.720075976020678e-44,0.1028709532703782,3.720075976020678e-44,3.720075976020678e-44,3.720075976020678e-44,3.720075976020678e-44,3.720075976020678e-44,0.1154249826669413,2.038313386529209e-08,0.002319222463048,3.720075976020678e-44,3.720075976020678e-44,3.720075976020678e-44,0.1923580799943887,0.1089213919917463,6.229855121111637e-28,1.17867377235485e-32,0.373769048035117,3.720075976020678e-44,3.720075976020678e-44,1.5152052865544934e-39,0.5198705669057594,5.552043276361412e-41,3.720075976020678e-44,3.720075976020678e-44,3.720075976020678e-44,3.720075976020678e-44,1.1924794615558796e-14,0.1108051046577999,0.2929219968302523,3.720075976020678e-44,3.720075976020678e-44,3.720075976020678e-44,3.720075976020678e-44,3.720075976020678e-44,3.720075976020678e-44,3.720075976020678e-44,3.720075976020678e-44,3.720075976020678e-44,3.720075976020678e-44,3.720075976020678e-44,0.0165186753174085,6.451207595619416e-05,3.720075976020678e-44,3.720075976020678e-44,3.720075976020678e-44,1.8574551611363017e-13,0.3377607625874347,3.720075976020678e-44,3.720075976020678e-44,1.58182531273405e-32,1.0460812877197029e-37,0.0621726775046054,3.720075976020678e-44,7.702459808021685e-44,3.720075976020678e-44,8.507889902117949e-44,3.720075976020678e-44,0.3936432145215359,0.4394526134899057,0.7258939935690745,0.4700501631008854,0.3955208944927204,0.5855833353973133,2.425279375752253e-31,1.4929765814206916e-41,3.720075976020678e-44,0.4737978519139995,3.720075976020678e-44,7.365699667434763e-43,0.4769974503247907,0.5033309061077236,0.0020354530348628,3.720075976020678e-44,0.1594656362990581,0.3233114217220668,3.720075976020678e-44,0.0151966456559936,3.720075976020678e-44,0.6563389071775937,7.688614019304572e-06,3.720075976020678e-44
