channel,cycle,y_true,y_pred,y_std,sigma_scale,y_std_cal
A1,10.0,0.9888579387186628,0.8926369493763652,0.045956638396086,8.851990611279117,0.20755877904744685
A1,21.0,0.9832869080779943,0.9283967286890802,0.0435281742489106,8.851990611279117,0.1965908520854271
A1,32.0,0.977715877437326,0.9365276680161628,0.0433878272880777,8.851990611279117,0.19595698840761774
A1,43.0,0.9721448467966574,0.9363208212305691,0.0433893004486165,8.851990611279117,0.19596364179684386
A1,54.0,0.9665738161559888,0.9300384307083314,0.0434297440222887,8.851990611279117,0.19614630134429312
A1,65.0,0.9610027855153204,0.927843511718648,0.0663760380002165,8.851990611279117,0.29978105201239474
A1,76.0,0.9526462395543176,0.9294620192552144,0.0437125011410886,8.851990611279117,0.1974233469332081
A1,87.0,0.947075208913649,0.9179290149770644,0.0444138455291249,8.851990611279117,0.20059090204500646
A1,98.0,0.9387186629526464,0.9101268197211098,0.0449110577285682,8.851990611279117,0.20283651357460733
A1,109.0,0.9331476323119776,0.9026340755600792,0.0445363121598889,8.851990611279117,0.20114401091551073
A1,120.0,0.924791086350975,0.8987361615275847,0.0446933392736975,8.851990611279117,0.20185320891512404
A1,131.0,0.9192200557103064,0.9072001967452874,0.0435683708990846,8.851990611279117,0.19677239642642097
A1,142.0,0.9080779944289692,0.9131040102356792,0.0498180832296853,8.851990611279117,0.2249986267602683
A1,153.0,0.8969359331476323,0.8704631297832558,0.0448204155950359,8.851990611279117,0.20242713701394438
A1,164.0,0.8885793871866295,0.8403078997656883,0.0449328301534695,8.851990611279117,0.2029348466574248
A2,10.0,0.9887323943661972,0.9748513174364448,0.0260030064618301,8.851990611279117,0.11744010139000914
A2,21.0,0.9802816901408452,0.9192539031451674,0.0210080580816129,8.851990611279117,0.0948808928972661
A2,32.0,0.971830985915493,0.932412414308248,0.0197930624203181,8.851990611279117,0.08939348074512375
A2,43.0,0.9605633802816902,0.937970882329175,0.0198730927455531,8.851990611279117,0.08975493008459418
A2,54.0,0.9492957746478872,0.9277146155262131,0.020044188362583,8.851990611279117,0.09052766713870647
A2,65.0,0.9352112676056338,0.9226075775453886,0.0197839125996251,8.851990611279117,0.08935215645166315
A2,76.0,0.9154929577464788,0.9091278321291116,0.0207287027704642,8.851990611279117,0.09361921124851909
A2,87.0,0.895774647887324,0.8964773625444447,0.0206245252336912,8.851990611279117,0.09314870332863137
A2,98.0,0.8760563380281691,0.8807764821322916,0.0284779015919963,8.851990611279117,0.1286177294632478
A2,109.0,0.8535211267605634,0.8593922205497598,0.0214427977603267,8.851990611279117,0.09684435323872137
A2,120.0,0.8309859154929577,0.8233604412138475,0.0237694921714409,8.851990611279117,0.10735264688337819
A2,131.0,0.8084507042253521,0.8201322439732683,0.0277656830940562,8.851990611279117,0.1254010624700405
A2,142.0,0.7830985915492957,0.7953007324117698,0.0288548849686499,8.851990611279117,0.13032033896886536
A2,153.0,0.7549295774647887,0.7526250152405476,0.1219297260053203,8.851990611279117,0.5506839913123277
A2,164.0,0.7183098591549296,0.6599124546391737,0.0260089494302478,8.851990611279117,0.11746694224068373
A3,10.0,0.9945652173913044,0.972908102088092,0.0807233318339794,8.851990611279117,0.3645792377522901
A3,21.0,0.9891304347826086,0.9703599828878636,0.0777199671375766,8.851990611279117,0.35101482723020416
A3,32.0,0.9864130434782608,1.0103082278508602,0.0368705105259977,8.851990611279117,0.16652214815354918
A3,43.0,0.9836956521739132,0.9907485104878327,0.1195074732234092,8.851990611279117,0.5397441173897701
A3,54.0,0.9809782608695652,0.9726135137040204,0.0368106071059349,8.851990611279117,0.1662516000638077
A3,65.0,0.9782608695652174,0.9805250434420216,0.0331171602182374,8.851990611279117,0.14957049906856226
A3,76.0,0.9755434782608696,1.0029462809742746,0.0344518546669914,8.851990611279117,0.1555985193906139
A3,87.0,0.9728260869565216,0.9932479159148536,0.0330952204674371,8.851990611279117,0.14947141027426297
A3,98.0,0.970108695652174,0.98588731836022,0.0317588361383911,8.851990611279117,0.1434357577688667
A3,109.0,0.967391304347826,0.9992345559328004,0.0329925645914697,8.851990611279117,0.14900777479043584
A3,120.0,0.9646739130434784,0.975193711737963,0.0321474665570901,8.851990611279117,0.14519097003027379
A3,131.0,0.9619565217391304,1.0054678709041376,0.0354384530147527,8.851990611279117,0.16005439683549258
A3,142.0,0.9619565217391304,0.9700149436745736,0.0349108863605894,8.851990611279117,0.15767169230300423
A3,153.0,0.9565217391304348,0.998409873549678,0.0409478860047873,8.851990611279117,0.1849372260537562
A3,164.0,0.9565217391304348,0.9712473977114164,0.0407012420874495,8.851990611279117,0.18382328229875622
A3,175.0,0.9538043478260868,0.986308804191829,0.0361838825436762,8.851990611279117,0.16342105828613626
A4,10.0,0.9464285714285714,0.8072047719077918,0.0320538383819596,3.8780875341176704,0.06342340575144363
A4,21.0,0.9047619047619048,0.7727921539052389,0.0290213887175335,3.8780875341176704,0.0574232418024056
A4,32.0,0.8660714285714286,0.8093585079301757,0.026474535530772,3.8780875341176704,0.052383904512171946
A4,43.0,0.8154761904761905,0.748387768773564,0.0325311074392773,3.8780875341176704,0.0643677553396011
A4,54.0,0.7589285714285714,0.7418102397543315,0.0436503214756275,3.8780875341176704,0.08636881540177119
A4,65.0,0.6964285714285714,0.7302570646094528,0.0561027616683947,3.8780875341176704,0.11100786666079163
A4,76.0,0.6398809523809523,0.7805027154578881,0.0424602904678405,3.8780875341176704,0.08401415763616166
A4,87.0,0.5773809523809523,0.730189859194425,0.081290054747451,3.8780875341176704,0.16084476574594436
A4,98.0,0.5089285714285714,0.7820591533234345,0.0936218640744289,3.8780875341176704,0.18524513044718238
A4,109.0,0.4434523809523809,0.904434293355413,0.1043634478830033,3.8780875341176704,0.20649899153508816
A4,120.0,0.3511904761904761,0.9353322922006944,0.1056632256584887,3.8780875341176704,0.2090708000111587
A4,131.0,0.1958333333333333,0.935292206195022,0.1056632244806234,3.8780875341176704,0.20907079768057266
A4,142.0,0.0880952380952381,0.9353322922006944,0.1056632256584887,3.8780875341176704,0.2090708000111587
A4,153.0,0.050297619047619,0.9353322922006944,0.1056632256584887,3.8780875341176704,0.2090708000111587
A4,164.0,0.037797619047619,0.9353322922006944,0.1056632256584887,3.8780875341176704,0.2090708000111587
A4,175.0,2.4107142857142856e-06,0.9353322922006942,0.1056632256584887,3.8780875341176704,0.2090708000111587
A4,186.0,2.4107142857142856e-06,0.9353322922006944,0.1056632256584887,3.8780875341176704,0.2090708000111587
A4,197.0,2.4107142857142856e-06,0.9353322922006944,0.1056632256584887,3.8780875341176704,0.2090708000111587
A4,208.0,2.4107142857142856e-06,0.9353322922006944,0.1056632256584887,3.8780875341176704,0.2090708000111587
A4,219.0,2.4107142857142856e-06,0.9353322922006944,0.1056632256584887,3.8780875341176704,0.2090708000111587
A4,230.0,2.4107142857142856e-06,0.9353322922006944,0.1056632256584887,3.8780875341176704,0.2090708000111587
A4,241.0,2.4107142857142856e-06,0.9353322922006944,0.1056632256584887,3.8780875341176704,0.2090708000111587
A4,252.0,2.4107142857142856e-06,0.9353322922006944,0.1056632256584887,3.8780875341176704,0.2090708000111587
A4,263.0,2.4107142857142856e-06,0.9353322922006944,0.1056632256584887,3.8780875341176704,0.2090708000111587
A4,274.0,2.4107142857142856e-06,0.9353322922006944,0.1056632256584887,3.8780875341176704,0.2090708000111587
A4,285.0,2.4107142857142856e-06,0.9353322922006944,0.1056632256584887,3.8780875341176704,0.2090708000111587
A4,296.0,0.0100595238095238,0.9353322922006944,0.1056632256584887,3.8780875341176704,0.2090708000111587
A4,307.0,2.4107142857142856e-06,0.9353322922006944,0.1056632256584887,3.8780875341176704,0.2090708000111587
A4,318.0,2.4107142857142856e-06,0.9353322922006944,0.1056632256584887,3.8780875341176704,0.2090708000111587
A4,329.0,2.4107142857142856e-06,0.9353322922006944,0.1056632256584887,3.8780875341176704,0.2090708000111587
A4,340.0,2.4107142857142856e-06,0.9353322922006944,0.1056632256584887,3.8780875341176704,0.2090708000111587
A4,351.0,0.0072321428571428,0.9353322922006944,0.1056632256584887,3.8780875341176704,0.2090708000111587
A4,362.0,2.4107142857142856e-06,0.9353322922006944,0.1056632256584887,3.8780875341176704,0.2090708000111587
A4,373.0,2.4107142857142856e-06,0.9353322922006944,0.1056632256584887,3.8780875341176704,0.2090708000111587
A4,384.0,2.4107142857142856e-06,0.9353322922006944,0.1056632256584887,3.8780875341176704,0.2090708000111587
A4,395.0,2.4107142857142856e-06,0.9353322922006944,0.1056632256584887,3.8780875341176704,0.2090708000111587
A4,406.0,2.4107142857142856e-06,0.9353322922006944,0.1056632256584887,3.8780875341176704,0.2090708000111587
A4,417.0,2.4107142857142856e-06,0.9353322922006944,0.1056632256584887,3.8780875341176704,0.2090708000111587
A4,428.0,2.4107142857142856e-06,0.9353322922006944,0.1056632256584887,3.8780875341176704,0.2090708000111587
A4,439.0,2.4107142857142856e-06,0.9353322922006944,0.1056632256584887,3.8780875341176704,0.2090708000111587
A4,450.0,2.4136904761904757e-06,0.9353322922006944,0.1056632256584887,3.8780875341176704,0.2090708000111587
A4,461.0,2.4107142857142856e-06,0.9353322922006944,0.1056632256584887,3.8780875341176704,0.2090708000111587
A4,472.0,0.0032142857142857,0.9353322922006944,0.1056632256584887,3.8780875341176704,0.2090708000111587
A4,483.0,2.407738095238095e-06,0.9353322922006944,0.1056632256584887,3.8780875341176704,0.2090708000111587
A4,494.0,2.4107142857142856e-06,0.9353322922006944,0.1056632256584887,3.8780875341176704,0.2090708000111587
A4,505.0,2.407738095238095e-06,0.9353322922006944,0.1056632256584887,3.8780875341176704,0.2090708000111587
A4,516.0,2.4107142857142856e-06,0.9353322922006944,0.1056632256584887,3.8780875341176704,0.2090708000111587
A4,527.0,2.4107142857142856e-06,0.9353322922006944,0.1056632256584887,3.8780875341176704,0.2090708000111587
A4,538.0,2.4107142857142856e-06,0.9353322922006944,0.1056632256584887,3.8780875341176704,0.2090708000111587
A4,549.0,0.0006755952380952,0.9353322922006944,0.1056632256584887,3.8780875341176704,0.2090708000111587
A4,560.0,2.4107142857142856e-06,0.9353322922006944,0.1056632256584887,3.8780875341176704,0.2090708000111587
A4,571.0,2.4107142857142856e-06,0.9353322922006944,0.1056632256584887,3.8780875341176704,0.2090708000111587
A4,582.0,2.4107142857142856e-06,0.9353322922006944,0.1056632256584887,3.8780875341176704,0.2090708000111587
A4,593.0,0.00015625,0.9353322922006944,0.1056632256584887,3.8780875341176704,0.2090708000111587
A4,604.0,2.4107142857142856e-06,0.9353322922006944,0.1056632256584887,3.8780875341176704,0.2090708000111587
A4,615.0,0.000128869047619,0.9353322922006944,0.1056632256584887,3.8780875341176704,0.2090708000111587
A4,626.0,2.4107142857142856e-06,0.9353322922006944,0.1056632256584887,3.8780875341176704,0.2090708000111587
A4,637.0,2.4107142857142856e-06,0.9353322922006944,0.1056632256584887,3.8780875341176704,0.2090708000111587
A4,648.0,5.6845238095238094e-05,0.9353322922006944,0.1056632256584887,3.8780875341176704,0.2090708000111587
A4,659.0,4.7023809523809525e-05,0.9353322922006944,0.1056632256584887,3.8780875341176704,0.2090708000111587
A4,670.0,2.4107142857142856e-06,0.9353322922006944,0.1056632256584887,3.8780875341176704,0.2090708000111587
A4,681.0,2.4107142857142856e-06,0.9353322922006944,0.1056632256584887,3.8780875341176704,0.2090708000111587
A4,692.0,2.4702380952380953e-05,0.9353322922006944,0.1056632256584887,3.8780875341176704,0.2090708000111587
A4,703.0,2.4107142857142856e-06,0.9353322922006944,0.1056632256584887,3.8780875341176704,0.2090708000111587
A4,736.0,2.4107142857142856e-06,0.9353322922006944,0.1056632256584887,3.8780875341176704,0.2090708000111587
A4,747.0,2.4107142857142856e-06,0.9353322922006944,0.1056632256584887,3.8780875341176704,0.2090708000111587
A4,769.0,2.4732142857142856e-05,0.9353322922006944,0.1056632256584887,3.8780875341176704,0.2090708000111587
A4,780.0,2.407738095238095e-06,0.9353322922006944,0.1056632256584887,3.8780875341176704,0.2090708000111587
A5,10.0,0.9917355371900828,1.0721629818101646,0.038005210979548,8.851990611279117,0.17164691464960222
A5,21.0,0.9889807162534436,1.0883549538415742,0.0360817392321341,8.851990611279117,0.1629597377507042
A5,32.0,0.9834710743801652,0.964414383143324,0.1229047197542435,8.851990611279117,0.5550874576921191
A5,43.0,0.9807162534435262,1.090351978599806,0.0352850128814082,8.851990611279117,0.1593613990914153
A5,54.0,0.975206611570248,1.085387583765677,0.0365400456340281,8.851990611279117,0.1650296349522116
A5,65.0,0.9724517906336088,1.0812425666539789,0.0363181334642478,8.851990611279117,0.1640273897788725
A5,76.0,0.9696969696969696,0.9385327801845328,0.232078021703848,8.851990611279117,1.048158275055646
A5,87.0,0.9669421487603306,1.0810672718864345,0.0427054451049881,8.851990611279117,0.19287507428794032
A5,98.0,0.9614325068870524,1.0568655041788264,0.0463095830500171,8.851990611279117,0.20915281995204668
A5,109.0,0.9586776859504132,1.0865733086536389,0.035491086398633,8.851990611279117,0.1602921104994289
A5,120.0,0.955922865013774,1.0847814338695447,0.0353889908583259,8.851990611279117,0.15983100571822853
A5,131.0,0.953168044077135,1.0229442334904308,0.0820137934690677,8.851990611279117,0.37040748478546115
A5,142.0,0.950413223140496,1.0811856025519142,0.0350613724260309,8.851990611279117,0.1583513482808303
A5,153.0,0.9476584022038568,1.0701722169038788,0.0370400635560587,8.851990611279117,0.16728791826057804
A5,164.0,0.9476584022038568,1.0802455218307168,0.0350292997985705,8.851990611279117,0.15820649531445036
A5,175.0,0.9421487603305784,1.0664247966104854,0.0367029575296664,8.851990611279117,0.16576541100831824
A6,10.0,0.9945652173913044,0.9355380489946564,0.0285995895063881,8.851990611279117,0.12916732133544495
A6,21.0,0.9918478260869564,0.9782870928466346,0.0257870539558894,8.851990611279117,0.11646477247062703
A6,32.0,0.9864130434782608,0.9799310375306892,0.0628386008731495,8.851990611279117,0.2838045542380565
A6,43.0,0.9836956521739132,0.9788760473141072,0.0300038238966587,8.851990611279117,0.13550941217831708
A6,54.0,0.9809782608695652,0.9629234334445732,0.0257203889446555,8.851990611279117,0.11616368629853507
A6,65.0,0.9782608695652174,0.967209422961648,0.0254691040249135,8.851990611279117,0.11502878189832273
A6,76.0,0.9755434782608696,0.9708765820411568,0.0300824071118589,8.851990611279117,0.13586432578318083
A6,87.0,0.9728260869565216,0.9741642763447812,0.0361416836132871,8.851990611279117,0.1632304708373072
A6,98.0,0.970108695652174,0.9848882411349528,0.0610578532889678,8.851990611279117,0.27576197742512926
A6,109.0,0.967391304347826,0.9602842617196108,0.0256800969915825,8.851990611279117,0.11598171153107728
A6,120.0,0.9646739130434784,0.9806077631672528,0.0561055484980145,8.851990611279117,0.25339536464066087
A6,131.0,0.9619565217391304,0.9744831729242922,0.0251686368872348,8.851990611279117,0.11367175069636729
A6,142.0,0.9619565217391304,0.9619173124110194,0.0274141576460313,8.851990611279117,0.12381343127370892
A6,153.0,0.9592391304347826,0.9599269614438712,0.0247842383195239,8.851990611279117,0.11193565118678139
A6,164.0,0.9565217391304348,0.9718651422119208,0.0248008887641576,8.851990611279117,0.11201085133368903
A6,175.0,0.9538043478260868,0.945284964427394,0.0273485441949061,8.851990611279117,0.12351709437266624
A7,10.0,0.9915014164305948,0.9502024992303884,0.0624502535024545,8.851990611279117,0.2820506203359936
A7,21.0,0.9830028328611898,0.8707586247797103,0.068869967979034,8.851990611279117,0.3110446491661254
A7,32.0,0.9745042492917848,0.8046885337016203,0.0538238386800542,8.851990611279117,0.24309023962532145
A7,43.0,0.9660056657223796,0.801936161560363,0.0551228294482953,8.851990611279117,0.24895700767581033
A7,54.0,0.9575070821529744,0.8087046748146054,0.0554027054206182,8.851990611279117,0.2502210408411475
A7,65.0,0.943342776203966,0.8377218517015173,0.0635577674876841,8.851990611279117,0.2870526017379189
A7,76.0,0.9291784702549576,0.8791975210033516,0.0855152851750846,8.851990611279117,0.3862216384901308
A7,87.0,0.9093484419263456,0.8012157436997991,0.0582756544099262,8.851990611279117,0.26319644124678615
A7,98.0,0.886685552407932,0.783908886942329,0.0578721690498447,8.851990611279117,0.2613741380578486
A7,109.0,0.8611898016997167,0.8324984273450413,0.0900582452271626,8.851990611279117,0.40673948475955995
A7,120.0,0.8356940509915014,0.7916623829760543,0.0642768725925587,8.851990611279117,0.2903003714352619
A7,131.0,0.8073654390934845,0.8810506448752798,0.118354940467621,8.851990611279117,0.5345388129995353
A7,142.0,0.773371104815864,0.8258037308040093,0.083541244584214,8.851990611279117,0.3773060722274318
A7,153.0,0.7393767705382436,0.7746296883548173,0.0673337031821875,8.851990611279117,0.30410625557043125
A7,164.0,0.6968838526912181,0.7165115487658441,0.0718591759591965,8.851990611279117,0.3245451222280162
A8,10.0,0.9887005649717514,0.974047491218294,0.0220983390060048,8.851990611279117,0.09980504282170394
A8,21.0,0.980225988700565,1.039448368911729,0.0178487168273145,8.851990611279117,0.08061202911126181
A8,32.0,0.9717514124293786,1.0208566479002357,0.017744555973307,8.851990611279117,0.08014159653749511
A8,43.0,0.963276836158192,1.0138309212268972,0.018018611765602,8.851990611279117,0.08137934341422219
A8,54.0,0.9576271186440678,1.016343239220395,0.0170860208249827,8.851990611279117,0.07716738527843876
A8,65.0,0.9491525423728814,0.88821674538336,0.1839485800707238,8.851990611279117,0.8307862371901127
A8,76.0,0.943502824858757,1.003214602958847,0.018096804643515,8.851990611279117,0.0817324940979156
A8,87.0,0.9350282485875706,0.9947223578849044,0.022659870050723,8.851990611279117,0.10234114428836111
A8,98.0,0.9265536723163842,0.9916929418282276,0.0219344183319665,8.851990611279117,0.09906471071405959
A8,109.0,0.9152542372881356,0.9900628913676768,0.0168949944116663,8.851990611279117,0.07630463268169659
A8,120.0,0.9011299435028248,0.9707532919507694,0.0180514355325971,8.851990611279117,0.08152758883074988
A8,131.0,0.8813559322033898,0.9001953963385438,0.0966878091434332,8.851990611279117,0.43668127859179395
A8,142.0,0.8587570621468926,0.964114262564864,0.016657469389558,8.851990611279117,0.07523187354824752
A8,153.0,0.8361581920903954,0.9369783792794756,0.0167910304742157,8.851990611279117,0.07583508946279896
A8,164.0,0.8107344632768362,0.9018930428834688,0.0169191425511327,8.851990611279117,0.07641369545301407
