ns_state,freq_hz,w_re_mean,w_re_std,w_im_mean,w_im_std,w_avg_mean,w_avg_std
Ns1,0.254,3.720075976020678e-44,4.9784122222889134e-60,9.817286381605917e-09,3.5396729434794465e-08,4.908643190802958e-09,2.5029267415168634e-08
Ns1,0.34,3.720075976020678e-44,4.9784122222889134e-60,3.720075976020678e-44,4.9784122222889134e-60,3.720075976020678e-44,4.9784122222889134e-60
Ns1,0.456,3.720075976020678e-44,4.9784122222889134e-60,3.720075976020678e-44,4.9784122222889134e-60,3.720075976020678e-44,4.9784122222889134e-60
Ns1,0.612,0.0034019715812676796,0.012265982973931933,3.720075976020678e-44,4.9784122222889134e-60,0.0017009857906338398,0.008673359738786005
Ns1,0.822,3.720075976020678e-44,4.9784122222889134e-60,3.720075976020678e-44,4.9784122222889134e-60,3.720075976020678e-44,4.9784122222889134e-60
Ns1,1.1,3.720075976020678e-44,4.9784122222889134e-60,0.0005658850662332576,0.002040327622323346,0.0002829425331166288,0.001442729497587063
Ns1,1.48,3.720075976020678e-44,4.9784122222889134e-60,3.720075976020678e-44,4.9784122222889134e-60,3.720075976020678e-44,4.9784122222889134e-60
Ns1,1.99,3.720075976020678e-44,4.9784122222889134e-60,3.720075976020678e-44,4.9784122222889134e-60,3.720075976020678e-44,4.9784122222889134e-60
Ns1,2.66,3.720075976020678e-44,4.9784122222889134e-60,3.720075976020678e-44,4.9784122222889134e-60,3.720075976020678e-44,4.9784122222889134e-60
Ns1,3.57,3.720075976020678e-44,4.9784122222889134e-60,0.010025589042969268,0.03614777536115565,0.005012794521484634,0.02556033708268116
Ns1,4.8,3.720075976020678e-44,4.9784122222889134e-60,0.1733370268593572,0.14624223001389694,0.0866685134296786,0.10340887253866939
Ns1,6.43,3.720075976020678e-44,4.9784122222889134e-60,0.0945801019786635,0.12850354418487953,0.04729005098933175,0.09086572749963345
Ns1,8.64,3.720075976020678e-44,4.9784122222889134e-60,3.523744032216798e-30,1.270503978939277e-29,1.7618720161084177e-30,8.983819790324533e-30
Ns1,11.6,3.720075976020678e-44,4.9784122222889134e-60,7.913509408107354e-07,2.8532563939797753e-06,3.956754704053677e-07,2.0175569446469744e-06
Ns1,15.5,3.720075976020678e-44,4.9784122222889134e-60,3.720075976020678e-44,4.9784122222889134e-60,3.720075976020678e-44,4.9784122222889134e-60
Ns1,20.9,3.720075976020678e-44,4.9784122222889134e-60,3.720075976020678e-44,4.9784122222889134e-60,3.720075976020678e-44,4.9784122222889134e-60
Ns1,28.0,3.720075976020678e-44,4.9784122222889134e-60,3.720075976020678e-44,4.9784122222889134e-60,3.720075976020678e-44,4.9784122222889134e-60
Ns1,37.5,3.720075976020678e-44,4.9784122222889134e-60,3.720075976020678e-44,4.9784122222889134e-60,3.720075976020678e-44,4.9784122222889134e-60
Ns1,50.3,3.720075976020678e-44,4.9784122222889134e-60,3.720075976020678e-44,4.9784122222889134e-60,3.720075976020678e-44,4.9784122222889134e-60
Ns1,67.6,1.4539913220242657e-26,5.242440265638163e-26,0.001014114753518766,0.0036564427430164355,0.000507057376759383,0.002585495458607262
Ns1,90.6,0.0018239589293485125,0.00657637744410646,1.6984960307415237e-37,6.1240131887181564e-37,0.0009119794646742563,0.004650201086369933
Ns1,122.0,0.0023525981577666812,0.005891946961602627,0.01083456208218817,0.02158141403549,0.0065935801199774255,0.01581885695569663
Ns1,163.0,0.00682956962579972,0.013878152256978681,3.978888300920857e-30,1.4346085788313805e-29,0.00341478481289986,0.009813335571249015
Ns1,219.0,0.007009549118904541,0.014804281488042624,0.0028961899119300067,0.010442361230945175,0.0049528695154172735,0.012810340714726295
Ns1,294.0,0.014158245373103643,0.034961973618059396,3.720075976020678e-44,4.9784122222889134e-60,0.007079122686551822,0.024721848628994972
Ns1,394.0,4.1200025803910007e-44,1.4419558784794e-44,0.005045929806139714,0.014871009986176364,0.002522964903069857,0.010515392004318173
Ns1,529.0,0.0043441383331079145,0.011714230395801075,4.895759444731595e-44,3.9836111470442355e-44,0.0021720691665539573,0.008283211749252515
Ns1,710.0,3.720075976020678e-44,4.9784122222889134e-60,4.2003423188813217e-44,1.731624925063622e-44,3.960209147451e-44,1.2244437269841342e-44
Ns1,952.0,0.0012068322902604532,0.004343998082985612,0.002479102399220975,0.005607691824673495,0.0018429673447407139,0.005015801378917064
Ns1,1280.0,0.001504269656404195,0.005423721378289923,0.004615825411390428,0.010292847893533179,0.0030600475338973115,0.008226769455525345
Ns1,1710.0,3.720075976020678e-44,4.9784122222889134e-60,0.0003910466441730478,0.001409938726664045,0.0001955233220865239,0.0009969772346816723
Ns1,2300.0,3.720075976020678e-44,4.9784122222889134e-60,0.003354754481403251,0.00984727726436304,0.0016773772407016256,0.00696307652985522
Ns1,3090.0,3.720075976020678e-44,4.9784122222889134e-60,0.0016971880831985545,0.005316586574251019,0.0008485940415992772,0.0037593944194182515
Ns1,4140.0,0.0075915209138355975,0.02737161791359149,2.481932161485927e-09,7.406642544469021e-09,0.0037957616978838795,0.01935465663874843
Ns1,5560.0,0.012949737973280624,0.03907150158236282,1.0879509055500465e-07,3.922662775148173e-07,0.006474923384185589,0.02762772372142205
Ns1,7450.0,0.07078987159860078,0.12474682129450297,3.720075976020678e-44,4.9784122222889134e-60,0.03539493579930039,0.08820932326880947
Ns1,10000.0,3.720075976020678e-44,4.9784122222889134e-60,0.046733615337355094,0.06433221547409758,0.023366807668677547,0.04548974581048854
Ns6,0.999,0.068983541106639,0.1372667601304169,3.720075976020678e-44,4.9784122222889134e-60,0.0344917705533195,0.097062256919725
Ns6,1.33,0.003962236580954444,0.014286030727559813,0.008668373329511191,0.031254264514417096,0.006315304955232817,0.024299379871572185
Ns6,1.78,6.877355500481504e-39,2.2111605031711252e-38,0.0010149588060524883,0.0036594860177059565,0.0005074794030262441,0.002587647378777236
Ns6,2.37,3.720075976020678e-44,4.9784122222889134e-60,0.007692827524894192,0.02394585164342106,0.003846413762447096,0.016932274078350063
Ns6,3.16,3.720075976020678e-44,4.9784122222889134e-60,3.889300100240486e-43,1.2681778469067875e-42,2.130653848921277e-43,8.967371552983447e-43
Ns6,4.22,3.720075976020678e-44,4.9784122222889134e-60,0.025190405667181948,0.06240964447445154,0.012595202833590974,0.04413028281932623
Ns6,5.62,3.720075976020678e-44,4.9784122222889134e-60,0.009210592154798894,0.025153996922688014,0.004605296077399447,0.017786561797978245
Ns6,7.5,3.720075976020678e-44,4.9784122222889134e-60,0.02003763555650286,0.0722467224380288,0.01001881777825143,0.05108614735443246
Ns6,10.0,3.720075976020678e-44,4.9784122222889134e-60,0.07791601765050515,0.13941156389372505,0.03895800882525258,0.09857886220507463
Ns6,13.3,3.720075976020678e-44,4.9784122222889134e-60,0.16085901744091916,0.14385639939190048,0.08042950872045958,0.10172183552709317
Ns6,17.8,3.720075976020678e-44,4.9784122222889134e-60,0.024997535283142476,0.09012988401071305,0.012498767641571238,0.06373145217153217
Ns6,23.7,3.720075976020678e-44,4.9784122222889134e-60,3.2846748049682538e-37,1.1843062091245243e-36,1.6423375884879257e-37,8.374309514732845e-37
Ns6,31.6,3.720075976020678e-44,4.9784122222889134e-60,3.720075976020678e-44,4.9784122222889134e-60,3.720075976020678e-44,4.9784122222889134e-60
Ns6,42.2,3.720075976020678e-44,4.9784122222889134e-60,3.720075976020678e-44,4.9784122222889134e-60,3.720075976020678e-44,4.9784122222889134e-60
Ns6,56.2,3.720075976020678e-44,4.9784122222889134e-60,3.720075976020678e-44,4.9784122222889134e-60,3.720075976020678e-44,4.9784122222889134e-60
Ns6,75.0,3.720075976020678e-44,4.9784122222889134e-60,3.720075976020678e-44,4.9784122222889134e-60,3.720075976020678e-44,4.9784122222889134e-60
Ns6,102.0,3.720075976020678e-44,4.9784122222889134e-60,3.720075976020678e-44,4.9784122222889134e-60,3.720075976020678e-44,4.9784122222889134e-60
Ns6,135.0,3.720075976020678e-44,4.9784122222889134e-60,3.720075976020678e-44,4.9784122222889134e-60,3.720075976020678e-44,4.9784122222889134e-60
Ns6,178.0,3.720075976020678e-44,4.9784122222889134e-60,3.720075976020678e-44,4.9784122222889134e-60,3.720075976020678e-44,4.9784122222889134e-60
Ns6,237.0,3.720075976020678e-44,4.9784122222889134e-60,3.720075976020678e-44,4.9784122222889134e-60,3.720075976020678e-44,4.9784122222889134e-60
Ns6,316.0,3.720075976020678e-44,4.9784122222889134e-60,9.758506440085088e-28,3.518479533884439e-27,4.879253220042544e-28,2.4879407378757698e-27
Ns6,422.0,2.0035040717210008e-43,5.8824441931745236e-43,0.017206096740072147,0.04216682825353097,0.008603048370036073,0.029816450199200255
Ns6,564.0,3.720075976020678e-44,4.9784122222889134e-60,0.027794911943471157,0.048802315518946496,0.013897455971735579,0.03450844824105256
Ns6,750.0,0.00011700363104361006,0.0004218625911432061,0.03184856015911279,0.046536571584052305,0.0159827818950782,0.03290767739330315
Ns6,1000.0,5.706393312710453e-29,2.0574693686942344e-28,0.04289012943904358,0.08302575130980105,0.02144506471952179,0.058708071764268205
Ns6,1330.0,0.00012572459312281114,0.00045330646709114305,3.720075976020678e-44,4.9784122222889134e-60,6.286229656140557e-05,0.0003205360768358638
Ns6,1780.0,0.009729570803300369,0.024994830903789088,3.720075976020678e-44,4.9784122222889134e-60,0.004864785401650184,0.017674014426680346
Ns6,2370.0,0.003744299895968971,0.011569494410786222,3.720075976020678e-44,4.9784122222889134e-60,0.0018721499479844854,0.008180867952766797
Ns6,3160.0,0.027190912156945975,0.084297924671356,3.720075976020678e-44,4.9784122222889134e-60,0.013595456078472987,0.05960763417506859
Ns6,4220.0,0.003540852186465716,0.010984249109020605,3.720075976020678e-44,4.9784122222889134e-60,0.001770426093232858,0.007767037031230762
Ns6,5620.0,0.1065033215764837,0.12542671227011726,3.720075976020678e-44,4.9784122222889134e-60,0.05325166078824185,0.08869007878813386
Ns6,7500.0,0.11819669708359955,0.1546212598122178,2.143267956677605e-07,7.628411053831414e-07,0.05909845570519761,0.10933374133015683
Ns6,10000.0,1.3846285715244133e-11,4.99234931210373e-11,0.07927969773355646,0.081261500838331,0.039639848873701373,0.057460558292180164
